Batch type,Slope (MPa per kN),Intercept,R²,n
COMPRESSIVE: BATCH 1,0.12732395447351633,-8.881784197001252e-15,1.0,19
COMPRESSIVE: BATCH 2,0.12732395447351627,-1.7763568394002505e-15,1.0,20
FLEXURAL: BATCH 1,0.09999999999999998,4.440892098500626e-16,1.0,20
FLEXURAL: BATCH 2,0.10000000000000003,-2.220446049250313e-16,1.0,20
