TestType,count,mean,std,min,max,CV%
Compressive,40,12.6605,13.9745,0.0,52.5899,110.37873701670551
Flexural,40,1.0372,0.663,0.0,2.64,63.922097956035486
